<metadata xml:lang="en"><Esri><CreaDate>20150415</CreaDate><CreaTime>14361000</CreaTime><ArcGISFormat>1.0</ArcGISFormat><SyncOnce>FALSE</SyncOnce><DataProperties><itemProps><itemName Sync="TRUE">Addresses_All</itemName><imsContentType Sync="TRUE">002</imsContentType><nativeExtBox><westBL Sync="TRUE">6377933.795624</westBL><eastBL Sync="TRUE">6534820.365626</eastBL><southBL Sync="TRUE">1818463.069999</southBL><northBL Sync="TRUE">2040047.331876</northBL><exTypeCode Sync="TRUE">1</exTypeCode></nativeExtBox><itemLocation><protocol Sync="TRUE">Local Area Network</protocol><linkage Sync="TRUE">file://\\GISWebProd03\Data\structure\Addresses_All.shp</linkage></itemLocation><itemSize Sync="TRUE">0.000</itemSize></itemProps><coordRef><type Sync="TRUE">Projected</type><geogcsn Sync="TRUE">GCS_North_American_1983</geogcsn><csUnits Sync="TRUE">Linear Unit: Foot_US (0.304801)</csUnits><projcsn Sync="TRUE">NAD_1983_StatePlane_California_II_FIPS_0402_Feet</projcsn><peXml Sync="TRUE">&lt;ProjectedCoordinateSystem xsi:type='typens:ProjectedCoordinateSystem' xmlns:xsi='http://www.w3.org/2001/XMLSchema-instance' xmlns:xs='http://www.w3.org/2001/XMLSchema' xmlns:typens='http://www.esri.com/schemas/ArcGIS/10.5'&gt;&lt;WKT&gt;PROJCS[&amp;quot;NAD_1983_StatePlane_California_II_FIPS_0402_Feet&amp;quot;,GEOGCS[&amp;quot;GCS_North_American_1983&amp;quot;,DATUM[&amp;quot;D_North_American_1983&amp;quot;,SPHEROID[&amp;quot;GRS_1980&amp;quot;,6378137.0,298.257222101]],PRIMEM[&amp;quot;Greenwich&amp;quot;,0.0],UNIT[&amp;quot;Degree&amp;quot;,0.0174532925199433]],PROJECTION[&amp;quot;Lambert_Conformal_Conic&amp;quot;],PARAMETER[&amp;quot;False_Easting&amp;quot;,6561666.666666666],PARAMETER[&amp;quot;False_Northing&amp;quot;,1640416.666666667],PARAMETER[&amp;quot;Central_Meridian&amp;quot;,-122.0],PARAMETER[&amp;quot;Standard_Parallel_1&amp;quot;,38.33333333333334],PARAMETER[&amp;quot;Standard_Parallel_2&amp;quot;,39.83333333333334],PARAMETER[&amp;quot;Latitude_Of_Origin&amp;quot;,37.66666666666666],UNIT[&amp;quot;Foot_US&amp;quot;,0.3048006096012192],AUTHORITY[&amp;quot;EPSG&amp;quot;,2226]]&lt;/WKT&gt;&lt;XOrigin&gt;-115211800&lt;/XOrigin&gt;&lt;YOrigin&gt;-93821500&lt;/YOrigin&gt;&lt;XYScale&gt;36983428.057351544&lt;/XYScale&gt;&lt;ZOrigin&gt;-100000&lt;/ZOrigin&gt;&lt;ZScale&gt;10000&lt;/ZScale&gt;&lt;MOrigin&gt;-100000&lt;/MOrigin&gt;&lt;MScale&gt;10000&lt;/MScale&gt;&lt;XYTolerance&gt;0.0032808333333333331&lt;/XYTolerance&gt;&lt;ZTolerance&gt;0.001&lt;/ZTolerance&gt;&lt;MTolerance&gt;0.001&lt;/MTolerance&gt;&lt;HighPrecision&gt;true&lt;/HighPrecision&gt;&lt;WKID&gt;102642&lt;/WKID&gt;&lt;LatestWKID&gt;2226&lt;/LatestWKID&gt;&lt;/ProjectedCoordinateSystem&gt;</peXml></coordRef><lineage><Process ToolSource="c:\program files (x86)\arcgis\desktop10.5\ArcToolbox\Toolboxes\Conversion Tools.tbx\FeatureClassToFeatureClass" Date="20180306" Time="085324">FeatureClassToFeatureClass "Database Connections\gisdataprod03 - GIS - main.sde\MAINGIS.GIS.ADDRESSES_ALL" \\GISWebProd03\Data\structure Addresses_All.shp # "AddressNum "AddressNum" true true false 11 Text 0 0 ,First,#,Database Connections\gisdataprod03 - GIS - main.sde\MAINGIS.GIS.ADDRESSES_ALL,AddressNum,-1,-1;RoadName "RoadName" true true false 50 Text 0 0 ,First,#,Database Connections\gisdataprod03 - GIS - main.sde\MAINGIS.GIS.ADDRESSES_ALL,RoadName,-1,-1;Road_SegID "Road_SegID" true true false 4 Long 0 10 ,First,#,Database Connections\gisdataprod03 - GIS - main.sde\MAINGIS.GIS.ADDRESSES_ALL,Road_SegID,-1,-1;PostalArea "PostalArea" true true false 20 Text 0 0 ,First,#,Database Connections\gisdataprod03 - GIS - main.sde\MAINGIS.GIS.ADDRESSES_ALL,PostalArea,-1,-1;Side "Side" true true false 10 Text 0 0 ,First,#,Database Connections\gisdataprod03 - GIS - main.sde\MAINGIS.GIS.ADDRESSES_ALL,Side,-1,-1;CAD911ID "CAD911ID" true true false 4 Long 0 10 ,First,#,Database Connections\gisdataprod03 - GIS - main.sde\MAINGIS.GIS.ADDRESSES_ALL,CAD911ID,-1,-1;AddressPnt "AddressPnt" true true false 1 Text 0 0 ,First,#,Database Connections\gisdataprod03 - GIS - main.sde\MAINGIS.GIS.ADDRESSES_ALL,AddressPntTyp,-1,-1;BuildingID "BuildingID" true true false 4 Long 0 10 ,First,#,Database Connections\gisdataprod03 - GIS - main.sde\MAINGIS.GIS.ADDRESSES_ALL,BuildingID,-1,-1;XCoordinat "XCoordinat" true true false 8 Double 0 0 ,First,#,Database Connections\gisdataprod03 - GIS - main.sde\MAINGIS.GIS.ADDRESSES_ALL,XCoordinate,-1,-1;YCoordinat "YCoordinat" true true false 8 Double 0 0 ,First,#,Database Connections\gisdataprod03 - GIS - main.sde\MAINGIS.GIS.ADDRESSES_ALL,YCoordinate,-1,-1;AddressID "AddressID" true true false 4 Long 0 10 ,First,#,Database Connections\gisdataprod03 - GIS - main.sde\MAINGIS.GIS.ADDRESSES_ALL,AddressID,-1,-1;AddressAtt "AddressAtt" true true false 4 Long 0 10 ,First,#,Database Connections\gisdataprod03 - GIS - main.sde\MAINGIS.GIS.ADDRESSES_ALL,AddressAttribID,-1,-1;Address "Address" true true false 62 Text 0 0 ,First,#,Database Connections\gisdataprod03 - GIS - main.sde\MAINGIS.GIS.ADDRESSES_ALL,Address,-1,-1;Pre_Dir "Pre_Dir" true true false 3 Text 0 0 ,First,#,Database Connections\gisdataprod03 - GIS - main.sde\MAINGIS.GIS.ADDRESSES_ALL,Pre_Dir,-1,-1;PreSt_type "PreSt_type" true true false 8 Text 0 0 ,First,#,Database Connections\gisdataprod03 - GIS - main.sde\MAINGIS.GIS.ADDRESSES_ALL,PreSt_type,-1,-1;StreetName "StreetName" true true false 30 Text 0 0 ,First,#,Database Connections\gisdataprod03 - GIS - main.sde\MAINGIS.GIS.ADDRESSES_ALL,StreetName,-1,-1;St_Type "St_Type" true true false 4 Text 0 0 ,First,#,Database Connections\gisdataprod03 - GIS - main.sde\MAINGIS.GIS.ADDRESSES_ALL,St_Type,-1,-1;Post_Dir "Post_Dir" true true false 3 Text 0 0 ,First,#,Database Connections\gisdataprod03 - GIS - main.sde\MAINGIS.GIS.ADDRESSES_ALL,Post_Dir,-1,-1;Notes "Notes" true true false 255 Text 0 0 ,First,#,Database Connections\gisdataprod03 - GIS - main.sde\MAINGIS.GIS.ADDRESSES_ALL,Notes,-1,-1;Status "Status" true true false 10 Text 0 0 ,First,#,Database Connections\gisdataprod03 - GIS - main.sde\MAINGIS.GIS.ADDRESSES_ALL,Status,-1,-1" #</Process></lineage></DataProperties><SyncDate>20180306</SyncDate><SyncTime>08511300</SyncTime><ModDate>20180306</ModDate><ModTime>08511300</ModTime><scaleRange><minScale>150000000</minScale><maxScale>5000</maxScale></scaleRange><ArcGISProfile>ItemDescription</ArcGISProfile></Esri><dataIdInfo><envirDesc Sync="TRUE"> Version 6.2 (Build 9200) ; Esri ArcGIS 10.5.1.7333</envirDesc><dataLang><languageCode value="eng" Sync="TRUE"/><countryCode value="USA" Sync="TRUE"/></dataLang><idCitation><resTitle Sync="FALSE">ADDRESSES_ALL</resTitle><presForm><PresFormCd value="005" Sync="TRUE"/></presForm></idCitation><spatRpType><SpatRepTypCd value="001" Sync="TRUE"/></spatRpType><dataExt><geoEle><GeoBndBox esriExtentType="search"><exTypeCode Sync="TRUE">1</exTypeCode><westBL Sync="TRUE">-122.644375</westBL><eastBL Sync="TRUE">-122.093357</eastBL><northBL Sync="TRUE">38.763941</northBL><southBL Sync="TRUE">38.153762</southBL></GeoBndBox></geoEle></dataExt><idPurp>To depict the location of all addresses in Napa County including alternate names and retired addresses.</idPurp><searchKeys><keyword>structure</keyword></searchKeys></dataIdInfo><mdLang><languageCode value="eng" Sync="TRUE"/><countryCode value="USA" Sync="TRUE"/></mdLang><mdChar><CharSetCd value="004" Sync="TRUE"/></mdChar><distInfo><distFormat><formatName Sync="TRUE">Shapefile</formatName></distFormat><distTranOps><transSize Sync="TRUE">0.000</transSize></distTranOps></distInfo><mdHrLv><ScopeCd value="005" Sync="TRUE"/></mdHrLv><mdHrLvName Sync="TRUE">dataset</mdHrLvName><refSysInfo><RefSystem><refSysID><identCode code="2226" Sync="TRUE"/><idCodeSpace Sync="TRUE">EPSG</idCodeSpace><idVersion Sync="TRUE">5.3(9.0.0)</idVersion></refSysID></RefSystem></refSysInfo><spatRepInfo><VectSpatRep><geometObjs Name="Addresses_All"><geoObjTyp><GeoObjTypCd value="004" Sync="TRUE"></GeoObjTypCd></geoObjTyp><geoObjCnt Sync="TRUE">0</geoObjCnt></geometObjs><topLvl><TopoLevCd value="001" Sync="TRUE"></TopoLevCd></topLvl></VectSpatRep></spatRepInfo><spdoinfo><ptvctinf><esriterm Name="Addresses_All"><efeatyp Sync="TRUE">Simple</efeatyp><efeageom code="1" Sync="TRUE"></efeageom><esritopo Sync="TRUE">FALSE</esritopo><efeacnt Sync="TRUE">0</efeacnt><spindex Sync="TRUE">FALSE</spindex><linrefer Sync="TRUE">FALSE</linrefer></esriterm></ptvctinf></spdoinfo><eainfo><detailed Name="Addresses_All"><enttyp><enttypl>ADDRESSES_ALL</enttypl><enttypt Sync="TRUE">Feature Class</enttypt><enttypc Sync="TRUE">0</enttypc></enttyp><attr><attrlabl Sync="TRUE">FID</attrlabl><attalias Sync="TRUE">FID</attalias><attrtype Sync="TRUE">OID</attrtype><attwidth Sync="TRUE">4</attwidth><atprecis Sync="TRUE">0</atprecis><attscale Sync="TRUE">0</attscale><attrdef Sync="TRUE">Internal feature number.</attrdef><attrdefs Sync="TRUE">Esri</attrdefs><attrdomv><udom Sync="TRUE">Sequential unique whole numbers that are automatically generated.</udom></attrdomv></attr><attr><attrlabl Sync="TRUE">shape</attrlabl><attalias Sync="TRUE">Shape</attalias><attrtype Sync="TRUE">Geometry</attrtype><attwidth Sync="TRUE">0</attwidth><atprecis Sync="TRUE">0</atprecis><attscale Sync="TRUE">0</attscale><attrdef Sync="TRUE">Feature geometry.</attrdef><attrdefs Sync="TRUE">Esri</attrdefs><attrdomv><udom Sync="TRUE">Coordinates defining the features.</udom></attrdomv></attr><attr><attrlabl Sync="TRUE">AddressNum</attrlabl><attalias Sync="TRUE">AddressNum</attalias><attrtype Sync="TRUE">String</attrtype><attwidth Sync="TRUE">11</attwidth><atprecis Sync="TRUE">0</atprecis><attscale Sync="TRUE">0</attscale><attrdef>House number</attrdef></attr><attr><attrlabl Sync="TRUE">RoadName</attrlabl><attalias Sync="TRUE">RoadName</attalias><attrtype Sync="TRUE">String</attrtype><attwidth Sync="TRUE">50</attwidth><atprecis Sync="TRUE">0</atprecis><attscale Sync="TRUE">0</attscale><attrdef>Road Name</attrdef></attr><attr><attrlabl Sync="TRUE">Road_SegID</attrlabl><attalias Sync="TRUE">Road_SegID</attalias><attrtype Sync="TRUE">Integer</attrtype><attwidth Sync="TRUE">10</attwidth><atprecis Sync="TRUE">10</atprecis><attscale Sync="TRUE">0</attscale><attrdef>Road segment ID number</attrdef></attr><attr><attrlabl Sync="TRUE">PostalArea</attrlabl><attalias Sync="TRUE">PostalArea</attalias><attrtype Sync="TRUE">String</attrtype><attwidth Sync="TRUE">20</attwidth><atprecis Sync="TRUE">0</atprecis><attscale Sync="TRUE">0</attscale><attrdef>Post office</attrdef></attr><attr><attrlabl Sync="TRUE">Side</attrlabl><attalias Sync="TRUE">Side</attalias><attrtype Sync="TRUE">String</attrtype><attwidth Sync="TRUE">10</attwidth><atprecis Sync="TRUE">0</atprecis><attscale Sync="TRUE">0</attscale><attrdef>Side of road</attrdef></attr><attr><attrlabl Sync="TRUE">CAD911ID</attrlabl><attalias Sync="TRUE">CAD911ID</attalias><attrtype Sync="TRUE">Integer</attrtype><attwidth Sync="TRUE">10</attwidth><atprecis Sync="TRUE">10</atprecis><attscale Sync="TRUE">0</attscale><attrdef>Computer-aided dispatch ID number</attrdef></attr><attr><attrlabl Sync="TRUE">AddressPnt</attrlabl><attalias Sync="TRUE">AddressPnt</attalias><attrtype Sync="TRUE">String</attrtype><attwidth Sync="TRUE">1</attwidth><atprecis Sync="TRUE">0</atprecis><attscale Sync="TRUE">0</attscale></attr><attr><attrlabl Sync="TRUE">BuildingID</attrlabl><attalias Sync="TRUE">BuildingID</attalias><attrtype Sync="TRUE">Integer</attrtype><attwidth Sync="TRUE">10</attwidth><atprecis Sync="TRUE">10</atprecis><attscale Sync="TRUE">0</attscale><attrdef>Building ID number</attrdef></attr><attr><attrlabl Sync="TRUE">XCoordinat</attrlabl><attalias Sync="TRUE">XCoordinat</attalias><attrtype Sync="TRUE">Double</attrtype><attwidth Sync="TRUE">19</attwidth><atprecis Sync="TRUE">0</atprecis><attscale Sync="TRUE">0</attscale></attr><attr><attrlabl Sync="TRUE">YCoordinat</attrlabl><attalias Sync="TRUE">YCoordinat</attalias><attrtype Sync="TRUE">Double</attrtype><attwidth Sync="TRUE">19</attwidth><atprecis Sync="TRUE">0</atprecis><attscale Sync="TRUE">0</attscale></attr><attr><attrlabl Sync="TRUE">AddressID</attrlabl><attalias Sync="TRUE">AddressID</attalias><attrtype Sync="TRUE">Integer</attrtype><attwidth Sync="TRUE">10</attwidth><atprecis Sync="TRUE">10</atprecis><attscale Sync="TRUE">0</attscale><attrdef>Address ID number</attrdef></attr><attr><attrlabl Sync="TRUE">AddressAtt</attrlabl><attalias Sync="TRUE">AddressAtt</attalias><attrtype Sync="TRUE">Integer</attrtype><attwidth Sync="TRUE">10</attwidth><atprecis Sync="TRUE">10</atprecis><attscale Sync="TRUE">0</attscale></attr><attr><attrlabl Sync="TRUE">Address</attrlabl><attalias Sync="TRUE">Address</attalias><attrtype Sync="TRUE">String</attrtype><attwidth Sync="TRUE">62</attwidth><atprecis Sync="TRUE">0</atprecis><attscale Sync="TRUE">0</attscale><attrdef>Address</attrdef></attr><attr><attrlabl Sync="TRUE">Pre_Dir</attrlabl><attalias Sync="TRUE">Pre_Dir</attalias><attrtype Sync="TRUE">String</attrtype><attwidth Sync="TRUE">3</attwidth><atprecis Sync="TRUE">0</atprecis><attscale Sync="TRUE">0</attscale><attrdef>direction prefix</attrdef></attr><attr><attrlabl Sync="TRUE">PreSt_type</attrlabl><attalias Sync="TRUE">PreSt_type</attalias><attrtype Sync="TRUE">String</attrtype><attwidth Sync="TRUE">8</attwidth><atprecis Sync="TRUE">0</atprecis><attscale Sync="TRUE">0</attscale><attrdef>Street type prefix</attrdef></attr><attr><attrlabl Sync="TRUE">StreetName</attrlabl><attalias Sync="TRUE">StreetName</attalias><attrtype Sync="TRUE">String</attrtype><attwidth Sync="TRUE">30</attwidth><atprecis Sync="TRUE">0</atprecis><attscale Sync="TRUE">0</attscale><attrdef>Street name</attrdef></attr><attr><attrlabl Sync="TRUE">St_Type</attrlabl><attalias Sync="TRUE">St_Type</attalias><attrtype Sync="TRUE">String</attrtype><attwidth Sync="TRUE">4</attwidth><atprecis Sync="TRUE">0</atprecis><attscale Sync="TRUE">0</attscale><attrdef>Street type</attrdef></attr><attr><attrlabl Sync="TRUE">Post_Dir</attrlabl><attalias Sync="TRUE">Post_Dir</attalias><attrtype Sync="TRUE">String</attrtype><attwidth Sync="TRUE">3</attwidth><atprecis Sync="TRUE">0</atprecis><attscale Sync="TRUE">0</attscale><attrdef>Direction suffix</attrdef></attr><attr><attrlabl Sync="TRUE">Notes</attrlabl><attalias Sync="TRUE">Notes</attalias><attrtype Sync="TRUE">String</attrtype><attwidth Sync="TRUE">254</attwidth><atprecis Sync="TRUE">0</atprecis><attscale Sync="TRUE">0</attscale><attrdef>Notes</attrdef></attr><attr><attrlabl Sync="TRUE">Status</attrlabl><attalias Sync="TRUE">Status</attalias><attrtype Sync="TRUE">String</attrtype><attwidth Sync="TRUE">10</attwidth><atprecis Sync="TRUE">0</atprecis><attscale Sync="TRUE">0</attscale><attrdef>Address status</attrdef></attr></detailed></eainfo><mdDateSt Sync="TRUE">20180306</mdDateSt><idinfo><descript><abstract>Official and alternate addresses in Napa County. Official meaning assigned and recognized by their jurisdiction (City of County). Alternate addresses are the same location but know by colloquial road names. This layer is a view of the addresses_base layer and the roadname_tbl table. This data includes official county addresses as well as 'Alternate' addresses which are the same point but using the colloquial road name.</abstract><purpose>To show address points in the county using the official road name as well as the colloquial road names</purpose><supplinf>Added to database on May 22 2013 to as a way to show colloquial addresses</supplinf></descript><keywords><theme><themekt>ISO 19115 Topic Category</themekt><themekey>structure</themekey></theme><place><placekey>Napa County</placekey><placekey>American Canyon</placekey><placekey>Napa</placekey><placekey>Yountville</placekey><placekey>St Helena</placekey><placekt>Geographic Names Information System</placekt><placekey>Calistoga</placekey></place></keywords><accconst>None.  Data is available from County of Napa by registering at website: http://gis.napa.ca.gov/giscatalog/catalog.asp.  This data is made available under the Public Domain Dedication and License version v1.0 whose full text can be found at: http://opendatacommons.org/licenses/pddl/1.0/</accconst><useconst>Disclaimer: This GIS data is intended to provide a visual display of data for the user's convenience. Users of this data are hereby notified that the appropriate public primary information sources should be consulted for verification of the information.  Although every reasonable effort has been made to assure the accuracy of this data, the County of Napa makes no warranty, representation or guaranty as to the content, sequence, accuracy, timeliness or completeness of any of the data provided herein and explicitly disclaims any representations and warranties, including, without limitation, the implied warranties of merchantability and fitness for a particular purpose. The County of Napa assumes no liability for any errors, omissions, or inaccuracies in the information provided regardless of how caused and assumes no liability for any decisions made or actions taken or not taken by the user of the data in reliance upon any information or data furnished hereunder. Because the GIS data provided is not warranted to be up-to-date, the user should check with the County staff for updated information.</useconst><ptcontac><cntinfo><cntorgp><cntorg>County of Napa ITS Department</cntorg></cntorgp><cntpos>Geographic Information Officer</cntpos><cntaddr><addrtype>mailing and physical address</addrtype><address>650 Imperial Way, Suite 201</address><city>Napa</city><state>CA</state><postal>94559</postal><country>USA</country></cntaddr><cntvoice>(707) 259-8141</cntvoice><cntfax>(707) 253-4824</cntfax><cntemail>gisstaff@countyofnapa.org</cntemail></cntinfo></ptcontac><citation><citeinfo><origin>Napa County ITS Department</origin><title>Addresses_All</title></citeinfo></citation><timeperd><timeinfo><sngdate><caldate>20130523</caldate></sngdate></timeinfo><current>ground condition</current></timeperd><status><progress>In work</progress><update>Continually</update></status></idinfo><distinfo><resdesc>None.  Data is available from County of Napa by registering at website: http://gis.napa.ca.gov/giscatalog/catalog.asp</resdesc><distliab>Disclaimer: This GIS data is intended to provide a visual display of data for the user's convenience. Users of this data are hereby notified that the appropriate public primary information sources should be consulted for verification of the information.  Although every reasonable effort has been made to assure the accuracy of this data, the County of Napa makes no warranty, representation or guaranty as to the content, sequence, accuracy, timeliness or completeness of any of the data provided herein and explicitly disclaims any representations and warranties, including, without limitation, the implied warranties of merchantability and fitness for a particular purpose. The County of Napa assumes no liability for any errors, omissions, or inaccuracies in the information provided regardless of how caused and assumes no liability for any decisions made or actions taken or not taken by the user of the data in reliance upon any information or data furnished hereunder. Because the GIS data provided is not warranted to be up-to-date, the user should check with the County staff for updated information.</distliab><distrib><cntinfo><cntorgp><cntorg>County of Napa ITS Department</cntorg></cntorgp><cntpos>Geographic Information Officer</cntpos><cntaddr><addrtype>mailing and physical address</addrtype><address>650 Imperial Way, Suite 201</address><city>Napa</city><state>CA</state><postal>94559</postal><country>USA</country></cntaddr><cntvoice>(707) 259-8141</cntvoice><cntfax>(707) 253-4824</cntfax><cntemail>gisstaff@countyfofnapa.org</cntemail><hours>M - F 8:00 am - 5:00 pm</hours></cntinfo></distrib></distinfo><dataqual><lineage><procstep><procdate>20150415</procdate><procdesc>Recreated view</procdesc></procstep><procstep><procdesc>routine updates as is done on a continuous basis</procdesc><procdate>20180301</procdate></procstep></lineage></dataqual><metainfo><metc><cntinfo><cntorgp><cntorg>County of Napa ITS Department</cntorg></cntorgp><cntpos>Geographic Information Officer</cntpos><cntaddr><addrtype>mailing and physical address</addrtype><address>650 Imperial Way, Suite 201</address><city>Napa</city><state>CA</state><postal>94559</postal><country>USA</country></cntaddr><cntvoice>(707) 259-8141</cntvoice><cntfax>(707) 253-4824</cntfax><cntemail>gisstaff@countyofnapa.org</cntemail><hours>M - F 8:00 am - 5:00 pm</hours></cntinfo></metc></metainfo></metadata>
