<?xml version="1.0" encoding="ISO-8859-1"?><!DOCTYPE metadata SYSTEM "http://www.fgdc.gov/metadata/fgdc-std-001-1998.dtd"><metadata>
<idinfo>
<citation>
<citeinfo>
<origin>Napa County Conservation Division</origin>
<pubdate>20050104</pubdate>
<title>Boundary, County of Napa</title>
<geoform>vector digital data</geoform>
<othercit>23128 (Napa), 23117 (Lake County), 23148 (Solano County), and 23149 (Sonoma County)</othercit>
<onlink>http://gis.napa.ca.gov/gisdata/asp</onlink>
<onlink>http://www.leginfo.ca.gov/cgi-bin/waisgate?WAISdocID=2680789796+1+0+0&amp;WAISaction=retrieve</onlink>
</citeinfo>
</citation>
<descript>
<abstract>Boundary of the County of Napa developed using the California Government Code 23128 descriptions.</abstract>
<purpose>To show the extent of the Napa County boundary using the California Government Code 23128 descriptions.</purpose>
<supplinf>California Government Code 23128 were used along with surrounding county boundary codes 23117 (Lake County), 23148 (Solano County), and 23149 (Sonoma County)</supplinf>
</descript>
<timeperd>
<timeinfo>
<sngdate>
<caldate>20040104</caldate>
</sngdate>
</timeinfo>
<current>publication date</current>
</timeperd>
<status>
<progress>Complete</progress>
<update>None planned</update>
</status>
<spdom>
<bounding>
<westbc>
-122.649028</westbc>
<eastbc>
-122.061248</eastbc>
<northbc>
38.864957</northbc>
<southbc>
38.152626</southbc>
</bounding>
</spdom>
<keywords>
<theme>
<themekt>ISO 19115 Topic Category</themekt>
<themekey>boundaries</themekey>
</theme>
<theme>
<themekt>None</themekt>
<themekey>County Line</themekey>
<themekey>Border</themekey>
</theme>
<place>
<placekt>Geographic Names Information System</placekt>
<placekey>Napa County</placekey>
<placekey>Napa</placekey>
<placekey>California</placekey>
</place>
</keywords>
<accconst>None.  Data is available from County of Napa by registering at website: http://gis.napa.ca.gov/giscatalog/catalog.asp</accconst>
<useconst>Disclaimer: This GIS data is intended to provide a visual display of data for the user's convenience. Users of this data are hereby notified that the appropriate public primary information sources should be consulted for verification of the information.  Although every reasonable effort has been made to assure the accuracy of this data, the County of Napa makes no warranty, representation or guaranty as to the content, sequence, accuracy, timeliness or completeness of any of the data provided herein and explicitly disclaims any representations and warranties, including, without limitation, the implied warranties of merchantability and fitness for a particular purpose. The County of Napa assumes no liability for any errors, omissions, or inaccuracies in the information provided regardless of how caused and assumes no liability for any decisions made or actions taken or not taken by the user of the data in reliance upon any information or data furnished hereunder. Because the GIS data provided is not warranted to be up-to-date, the user should check with the County staff for updated information.</useconst>
<ptcontac>
<cntinfo>
<cntorgp>
<cntorg>Napa County Conservation Division</cntorg>
<cntper>Lynsey Wickman</cntper>
</cntorgp>
<cntpos>GIS Specialist</cntpos>
<cntaddr>
<addrtype>mailing and physical address</addrtype>
<address>1195 Third St, Room 210</address>
<city>Napa</city>
<state>California</state>
<postal>94559</postal>
<country>United States</country>
</cntaddr>
<cntvoice>707-253-4417</cntvoice>
<cntemail>lwickman@co.napa.ca.us</cntemail>
</cntinfo>
</ptcontac>
<datacred>Napa County Conservation Division</datacred>
<native>Microsoft Windows XP Version 5.1 (Build 2600) Service Pack 1; ESRI ArcCatalog 9.0.0.535</native>
<crossref>
<citeinfo>
<origin>California Government Code and California Constitution</origin>
<title>California Government Code</title>
<othercit>23128 (Napa), 23117 (Lake County), 23148 (Solano County), and 23149 (Sonoma County)</othercit>
<onlink>http://www.leginfo.ca.gov/cgi-bin/waisgate?WAISdocID=2680789796+1+0+0&amp;WAISaction=retrieve</onlink>
</citeinfo>
</crossref>
</idinfo>
<dataqual>
<lineage>
<srcinfo>
<srccontr>California Governement Code</srccontr>
</srcinfo>
<procstep>
<procdesc>Received the California Government Code sections from Public Works.  The majority of the county boundary follows the ridgelines.  The 5ft and 10ft elevation and hillshading data was used to delineate the ridgeline.  In areas where the ridgeline was not used as a boundary we used the record of surveys and the metes and bounds to determine where the boundary was.</procdesc>
<procdate>20040601</procdate>
<proccont>
<cntinfo>
<cntorgp>
<cntorg>Napa County Conservation Division</cntorg>
<cntper>Lynsey Wickman</cntper>
</cntorgp>
<cntpos>GIS Specialist</cntpos>
<cntaddr>
<addrtype>mailing and physical address</addrtype>
<address>1195 Third St., Room 210</address>
<city>Napa</city>
<state>California</state>
<postal>94559</postal>
<country>United States</country>
</cntaddr>
<cntvoice>707-253-4417</cntvoice>
<cntemail>lwickman@co.napa.ca.us</cntemail>
</cntinfo>
</proccont>
</procstep>
<procstep>
<procdesc>Dataset copied.</procdesc>
<srcused>county_clip_original</srcused>
<procdate>20050103</procdate>
</procstep>
<procstep>
<procdesc>Metadata imported.</procdesc>
<srcused>county_clip_original.shp.xml</srcused>
<procdate>20050103</procdate>
</procstep>
</lineage>
</dataqual>
<spdoinfo>
<direct>Vector</direct>
<ptvctinf>
<sdtsterm>
<sdtstype>G-polygon</sdtstype>
<ptvctcnt>1</ptvctcnt>
</sdtsterm>
</ptvctinf>
</spdoinfo>
<spref>
<horizsys>
<planar>
<mapproj>
<mapprojn>Lambert Conformal Conic</mapprojn>
<lambertc>
<stdparll>38.333333</stdparll>
<stdparll>39.833333</stdparll>
<longcm>-122.000000</longcm>
<latprjo>37.666667</latprjo>
<feast>6561666.666667</feast>
<fnorth>1640416.666667</fnorth>
</lambertc>
</mapproj>
<planci>
<plance>coordinate pair</plance>
<coordrep>
<absres>0.000512</absres>
<ordres>0.000512</ordres>
</coordrep>
<plandu>survey feet</plandu>
</planci>
</planar>
<geodetic>
<horizdn>North American Datum of 1983</horizdn>
<ellips>Geodetic Reference System 80</ellips>
<semiaxis>6378137.000000</semiaxis>
<denflat>298.257222</denflat>
</geodetic>
</horizsys>
<vertdef>
<altsys>
<altres>1.000000</altres>
<altenc>Explicit elevation coordinate included with horizontal coordinates</altenc>
</altsys>
</vertdef>
</spref>
<eainfo>
<detailed>
<enttyp>
<enttypl>
cnty_bndry</enttypl>
</enttyp>
<attr>
<attrlabl>Shape</attrlabl>
<attrdef>Feature geometry.</attrdef>
<attrdefs>ESRI</attrdefs>
<attrdomv>
<udom>Coordinates defining the features.</udom>
</attrdomv>
</attr>
<attr>
<attrlabl>OBJECTID</attrlabl>
</attr>
<attr>
<attrlabl>SHAPE</attrlabl>
<attrdef>Feature geometry.</attrdef>
<attrdefs>ESRI</attrdefs>
<attrdomv>
<udom>Coordinates defining the features.</udom>
</attrdomv>
</attr>
<attr>
<attrlabl>SHAPE.area</attrlabl>
</attr>
<attr>
<attrlabl>SHAPE.len</attrlabl>
</attr>
</detailed>
</eainfo>
<distinfo>
<distrib>
<cntinfo>
<cntorgp>
<cntorg>County of Napa ITS Department</cntorg>
</cntorgp>
<cntpos>GIS Coordinator</cntpos>
<cntaddr>
<addrtype>mailing and physical address</addrtype>
<address>650 Imperial Way, Suite 201</address>
<city>Napa</city>
<state>California</state>
<postal>94559</postal>
<country>United States</country>
</cntaddr>
<cntvoice>(707) 259-8141</cntvoice>
<cntfax>(707) 253-4824</cntfax>
<cntemail>gisstaff@co.napa.ca.us</cntemail>
<hours>M - F 8:00 am - 5:00 pm</hours>
</cntinfo>
</distrib>
<resdesc>Downloadable Data</resdesc>
<distliab>Disclaimer: This GIS data is intended to provide a visual display of data for the user's convenience. Users of this data are hereby notified that the appropriate public primary information sources should be consulted for verification of the information.  Although every reasonable effort has been made to assure the accuracy of this data, the County of Napa makes no warranty, representation or guaranty as to the content, sequence, accuracy, timeliness or completeness of any of the data provided herein and explicitly disclaims any representations and warranties, including, without limitation, the implied warranties of merchantability and fitness for a particular purpose. The County of Napa assumes no liability for any errors, omissions, or inaccuracies in the information provided regardless of how caused and assumes no liability for any decisions made or actions taken or not taken by the user of the data in reliance upon any information or data furnished hereunder. Because the GIS data provided is not warranted to be up-to-date, the user should check with the County staff for updated information.</distliab>
<stdorder>
<digform>
<digtinfo>
<transize>0.251</transize>
</digtinfo>
</digform>
</stdorder>
</distinfo>
<metainfo>
<metd>20050104</metd>
<metc>
<cntinfo>
<cntorgp>
<cntorg>County of Napa ITS Department</cntorg>
</cntorgp>
<cntpos>GIS Coordinator</cntpos>
<cntaddr>
<addrtype>mailing and physical address</addrtype>
<address>650 Imperial Way, Suite 201</address>
<city>Napa</city>
<state>California</state>
<postal>94559</postal>
<country>United States</country>
</cntaddr>
<cntvoice>(707) 259-8141</cntvoice>
<cntfax>(707) 253-4824</cntfax>
<cntemail>gisstaff@co.napa.ca.us</cntemail>
<hours>M - F 8:00 am - 5:00 pm</hours>
</cntinfo>
</metc>
<metstdn>FGDC Content Standards for Digital Geospatial Metadata</metstdn>
<metstdv>FGDC-STD-001-1998</metstdv>
<mettc>local time</mettc>
<metextns>
<onlink>http://www.esri.com/metadata/esriprof80.html</onlink>
<metprof>ESRI Metadata Profile</metprof>
</metextns>
</metainfo>
</metadata>
